parent_category_en,parent_category_es,type_code,type_name_en,type_name_es,added_2026_02_12,table,source_url
Automotive,Industria automotriz,car_dealer,Car Dealer,Concesionario de automóviles,no,A,https://developers.google.com/maps/documentation/places/web-service/place-types?hl=es-419
Automotive,Industria automotriz,car_rental,Car Rental,Alquiler de automóviles,no,A,https://developers.google.com/maps/documentation/places/web-service/place-types?hl=es-419
Automotive,Industria automotriz,car_repair,Car Repair,Taller de reparación de automóviles,no,A,https://developers.google.com/maps/documentation/places/web-service/place-types?hl=es-419
Automotive,Industria automotriz,car_wash,Car Wash,Autolavado,no,A,https://developers.google.com/maps/documentation/places/web-service/place-types?hl=es-419
Automotive,Industria automotriz,ebike_charging_station,E-bike Charging Station,Estación de carga para bicicletas eléctricas,yes,A,https://developers.google.com/maps/documentation/places/web-service/place-types?hl=es-419
Automotive,Industria automotriz,electric_vehicle_charging_station,Electric Vehicle Charging Station,Estación de carga para vehículos eléctricos,no,A,https://developers.google.com/maps/documentation/places/web-service/place-types?hl=es-419
Automotive,Industria automotriz,gas_station,Gas Station,Gasolinera,no,A,https://developers.google.com/maps/documentation/places/web-service/place-types?hl=es-419
Automotive,Industria automotriz,parking,Parking,Estacionamiento,no,A,https://developers.google.com/maps/documentation/places/web-service/place-types?hl=es-419
Automotive,Industria automotriz,parking_garage,Parking Garage,Estacionamiento en edificio,yes,A,https://developers.google.com/maps/documentation/places/web-service/place-types?hl=es-419
Automotive,Industria automotriz,parking_lot,Parking Lot,Estacionamiento al aire libre,yes,A,https://developers.google.com/maps/documentation/places/web-service/place-types?hl=es-419
Automotive,Industria automotriz,rest_stop,Rest Stop,Área de descanso,no,A,https://developers.google.com/maps/documentation/places/web-service/place-types?hl=es-419
Automotive,Industria automotriz,tire_shop,Tire Shop,Llantera,yes,A,https://developers.google.com/maps/documentation/places/web-service/place-types?hl=es-419
Automotive,Industria automotriz,truck_dealer,Truck Dealer,Concesionario de camiones,yes,A,https://developers.google.com/maps/documentation/places/web-service/place-types?hl=es-419
Business,Negocios,business_center,Business Center,Centro de negocios,yes,A,https://developers.google.com/maps/documentation/places/web-service/place-types?hl=es-419
Business,Negocios,corporate_office,Corporate Office,Oficina corporativa,no,A,https://developers.google.com/maps/documentation/places/web-service/place-types?hl=es-419
Business,Negocios,coworking_space,Coworking Space,Espacio de coworking,yes,A,https://developers.google.com/maps/documentation/places/web-service/place-types?hl=es-419
Business,Negocios,farm,Farm,Granja,no,A,https://developers.google.com/maps/documentation/places/web-service/place-types?hl=es-419
Business,Negocios,manufacturer,Manufacturer,Fabricante,yes,A,https://developers.google.com/maps/documentation/places/web-service/place-types?hl=es-419
Business,Negocios,ranch,Ranch,Rancho,no,A,https://developers.google.com/maps/documentation/places/web-service/place-types?hl=es-419
Business,Negocios,supplier,Supplier,Proveedor,yes,A,https://developers.google.com/maps/documentation/places/web-service/place-types?hl=es-419
Business,Negocios,television_studio,Television Studio,Estudio de televisión,yes,A,https://developers.google.com/maps/documentation/places/web-service/place-types?hl=es-419
Culture,Cultura,art_gallery,Art Gallery,Galería de arte,no,A,https://developers.google.com/maps/documentation/places/web-service/place-types?hl=es-419
Culture,Cultura,art_museum,Art Museum,Museo de arte,yes,A,https://developers.google.com/maps/documentation/places/web-service/place-types?hl=es-419
Culture,Cultura,art_studio,Art Studio,Estudio de arte,no,A,https://developers.google.com/maps/documentation/places/web-service/place-types?hl=es-419
Culture,Cultura,auditorium,Auditorium,Auditorio,no,A,https://developers.google.com/maps/documentation/places/web-service/place-types?hl=es-419
Culture,Cultura,castle,Castle,Castillo,yes,A,https://developers.google.com/maps/documentation/places/web-service/place-types?hl=es-419
Culture,Cultura,cultural_landmark,Cultural Landmark,Sitio cultural emblemático,no,A,https://developers.google.com/maps/documentation/places/web-service/place-types?hl=es-419
Culture,Cultura,fountain,Fountain,Fuente,yes,A,https://developers.google.com/maps/documentation/places/web-service/place-types?hl=es-419
Culture,Cultura,historical_place,Historical Place,Lugar histórico,no,A,https://developers.google.com/maps/documentation/places/web-service/place-types?hl=es-419
Culture,Cultura,history_museum,History Museum,Museo de historia,yes,A,https://developers.google.com/maps/documentation/places/web-service/place-types?hl=es-419
Culture,Cultura,monument,Monument,Monumento,no,A,https://developers.google.com/maps/documentation/places/web-service/place-types?hl=es-419
Culture,Cultura,museum,Museum,Museo,no,A,https://developers.google.com/maps/documentation/places/web-service/place-types?hl=es-419
Culture,Cultura,performing_arts_theater,Performing Arts Theater,Teatro de artes escénicas,no,A,https://developers.google.com/maps/documentation/places/web-service/place-types?hl=es-419
Culture,Cultura,sculpture,Sculpture,Escultura,no,A,https://developers.google.com/maps/documentation/places/web-service/place-types?hl=es-419
Education,Educación,academic_department,Academic Department,Departamento académico,yes,A,https://developers.google.com/maps/documentation/places/web-service/place-types?hl=es-419
Education,Educación,educational_institution,Educational Institution,Institución educativa,yes,A,https://developers.google.com/maps/documentation/places/web-service/place-types?hl=es-419
Education,Educación,library,Library,Biblioteca,no,A,https://developers.google.com/maps/documentation/places/web-service/place-types?hl=es-419
Education,Educación,preschool,Preschool,Preescolar,no,A,https://developers.google.com/maps/documentation/places/web-service/place-types?hl=es-419
Education,Educación,primary_school,Primary School,Escuela primaria,no,A,https://developers.google.com/maps/documentation/places/web-service/place-types?hl=es-419
Education,Educación,research_institute,Research Institute,Instituto de investigación,yes,A,https://developers.google.com/maps/documentation/places/web-service/place-types?hl=es-419
Education,Educación,school,School,Escuela,no,A,https://developers.google.com/maps/documentation/places/web-service/place-types?hl=es-419
Education,Educación,secondary_school,Secondary School,Escuela secundaria,no,A,https://developers.google.com/maps/documentation/places/web-service/place-types?hl=es-419
Education,Educación,university,University,Universidad,no,A,https://developers.google.com/maps/documentation/places/web-service/place-types?hl=es-419
Entertainment and Recreation,Ocio y entretenimiento,adventure_sports_center,Adventure Sports Center,Centro de deportes de aventura,no,A,https://developers.google.com/maps/documentation/places/web-service/place-types?hl=es-419
Entertainment and Recreation,Ocio y entretenimiento,amphitheatre,Amphitheatre,Anfiteatro,no,A,https://developers.google.com/maps/documentation/places/web-service/place-types?hl=es-419
Entertainment and Recreation,Ocio y entretenimiento,amusement_center,Amusement Center,Centro de diversiones,no,A,https://developers.google.com/maps/documentation/places/web-service/place-types?hl=es-419
Entertainment and Recreation,Ocio y entretenimiento,amusement_park,Amusement Park,Parque de diversiones,no,A,https://developers.google.com/maps/documentation/places/web-service/place-types?hl=es-419
Entertainment and Recreation,Ocio y entretenimiento,aquarium,Aquarium,Acuario,no,A,https://developers.google.com/maps/documentation/places/web-service/place-types?hl=es-419
Entertainment and Recreation,Ocio y entretenimiento,banquet_hall,Banquet Hall,Salón de banquetes,no,A,https://developers.google.com/maps/documentation/places/web-service/place-types?hl=es-419
Entertainment and Recreation,Ocio y entretenimiento,barbecue_area,Barbecue Area,Área para asadores,no,A,https://developers.google.com/maps/documentation/places/web-service/place-types?hl=es-419
Entertainment and Recreation,Ocio y entretenimiento,botanical_garden,Botanical Garden,Jardín botánico,no,A,https://developers.google.com/maps/documentation/places/web-service/place-types?hl=es-419
Entertainment and Recreation,Ocio y entretenimiento,bowling_alley,Bowling Alley,Boliche,no,A,https://developers.google.com/maps/documentation/places/web-service/place-types?hl=es-419
Entertainment and Recreation,Ocio y entretenimiento,casino,Casino,Casino,no,A,https://developers.google.com/maps/documentation/places/web-service/place-types?hl=es-419
Entertainment and Recreation,Ocio y entretenimiento,childrens_camp,Childrens Camp,Campamento infantil,no,A,https://developers.google.com/maps/documentation/places/web-service/place-types?hl=es-419
Entertainment and Recreation,Ocio y entretenimiento,city_park,City Park,Parque urbano,yes,A,https://developers.google.com/maps/documentation/places/web-service/place-types?hl=es-419
Entertainment and Recreation,Ocio y entretenimiento,comedy_club,Comedy Club,Club de comedia,no,A,https://developers.google.com/maps/documentation/places/web-service/place-types?hl=es-419
Entertainment and Recreation,Ocio y entretenimiento,community_center,Community Center,Centro comunitario,no,A,https://developers.google.com/maps/documentation/places/web-service/place-types?hl=es-419
Entertainment and Recreation,Ocio y entretenimiento,concert_hall,Concert Hall,Sala de conciertos,no,A,https://developers.google.com/maps/documentation/places/web-service/place-types?hl=es-419
Entertainment and Recreation,Ocio y entretenimiento,convention_center,Convention Center,Centro de convenciones,no,A,https://developers.google.com/maps/documentation/places/web-service/place-types?hl=es-419
Entertainment and Recreation,Ocio y entretenimiento,cultural_center,Cultural Center,Centro cultural,no,A,https://developers.google.com/maps/documentation/places/web-service/place-types?hl=es-419
Entertainment and Recreation,Ocio y entretenimiento,cycling_park,Cycling Park,Parque para ciclismo,no,A,https://developers.google.com/maps/documentation/places/web-service/place-types?hl=es-419
Entertainment and Recreation,Ocio y entretenimiento,dance_hall,Dance Hall,Salón de baile,no,A,https://developers.google.com/maps/documentation/places/web-service/place-types?hl=es-419
Entertainment and Recreation,Ocio y entretenimiento,dog_park,Dog Park,Parque para perros,no,A,https://developers.google.com/maps/documentation/places/web-service/place-types?hl=es-419
Entertainment and Recreation,Ocio y entretenimiento,event_venue,Event Venue,Recinto para eventos,no,A,https://developers.google.com/maps/documentation/places/web-service/place-types?hl=es-419
Entertainment and Recreation,Ocio y entretenimiento,ferris_wheel,Ferris Wheel,Rueda de la fortuna,no,A,https://developers.google.com/maps/documentation/places/web-service/place-types?hl=es-419
Entertainment and Recreation,Ocio y entretenimiento,garden,Garden,Jardín,no,A,https://developers.google.com/maps/documentation/places/web-service/place-types?hl=es-419
Entertainment and Recreation,Ocio y entretenimiento,go_karting_venue,Go-karting Venue,Pista de go-karts,yes,A,https://developers.google.com/maps/documentation/places/web-service/place-types?hl=es-419
Entertainment and Recreation,Ocio y entretenimiento,hiking_area,Hiking Area,Zona de senderismo,no,A,https://developers.google.com/maps/documentation/places/web-service/place-types?hl=es-419
Entertainment and Recreation,Ocio y entretenimiento,historical_landmark,Historical Landmark,Monumento histórico,no,A,https://developers.google.com/maps/documentation/places/web-service/place-types?hl=es-419
Entertainment and Recreation,Ocio y entretenimiento,indoor_playground,Indoor Playground,Área de juegos interior,yes,A,https://developers.google.com/maps/documentation/places/web-service/place-types?hl=es-419
Entertainment and Recreation,Ocio y entretenimiento,internet_cafe,Internet Cafe,Cibercafé,no,A,https://developers.google.com/maps/documentation/places/web-service/place-types?hl=es-419
Entertainment and Recreation,Ocio y entretenimiento,karaoke,Karaoke,Karaoke,no,A,https://developers.google.com/maps/documentation/places/web-service/place-types?hl=es-419
Entertainment and Recreation,Ocio y entretenimiento,live_music_venue,Live Music Venue,Recinto de música en vivo,yes,A,https://developers.google.com/maps/documentation/places/web-service/place-types?hl=es-419
Entertainment and Recreation,Ocio y entretenimiento,marina,Marina,Marina,no,A,https://developers.google.com/maps/documentation/places/web-service/place-types?hl=es-419
Entertainment and Recreation,Ocio y entretenimiento,miniature_golf_course,Miniature Golf Course,Campo de minigolf,yes,A,https://developers.google.com/maps/documentation/places/web-service/place-types?hl=es-419
Entertainment and Recreation,Ocio y entretenimiento,movie_rental,Movie Rental,Alquiler de películas,no,A,https://developers.google.com/maps/documentation/places/web-service/place-types?hl=es-419
Entertainment and Recreation,Ocio y entretenimiento,movie_theater,Movie Theater,Cine,no,A,https://developers.google.com/maps/documentation/places/web-service/place-types?hl=es-419
Entertainment and Recreation,Ocio y entretenimiento,national_park,National Park,Parque nacional,no,A,https://developers.google.com/maps/documentation/places/web-service/place-types?hl=es-419
Entertainment and Recreation,Ocio y entretenimiento,night_club,Night Club,Club nocturno,no,A,https://developers.google.com/maps/documentation/places/web-service/place-types?hl=es-419
Entertainment and Recreation,Ocio y entretenimiento,observation_deck,Observation Deck,Mirador,no,A,https://developers.google.com/maps/documentation/places/web-service/place-types?hl=es-419
Entertainment and Recreation,Ocio y entretenimiento,off_roading_area,Off Roading Area,Zona para vehículos todoterreno,no,A,https://developers.google.com/maps/documentation/places/web-service/place-types?hl=es-419
Entertainment and Recreation,Ocio y entretenimiento,opera_house,Opera House,Teatro de ópera,no,A,https://developers.google.com/maps/documentation/places/web-service/place-types?hl=es-419
Entertainment and Recreation,Ocio y entretenimiento,paintball_center,Paintball Center,Centro de paintball,yes,A,https://developers.google.com/maps/documentation/places/web-service/place-types?hl=es-419
Entertainment and Recreation,Ocio y entretenimiento,park,Park,Parque,no,A,https://developers.google.com/maps/documentation/places/web-service/place-types?hl=es-419
Entertainment and Recreation,Ocio y entretenimiento,philharmonic_hall,Philharmonic Hall,Sala filarmónica,no,A,https://developers.google.com/maps/documentation/places/web-service/place-types?hl=es-419
Entertainment and Recreation,Ocio y entretenimiento,picnic_ground,Picnic Ground,Área de pícnic,no,A,https://developers.google.com/maps/documentation/places/web-service/place-types?hl=es-419
Entertainment and Recreation,Ocio y entretenimiento,planetarium,Planetarium,Planetario,no,A,https://developers.google.com/maps/documentation/places/web-service/place-types?hl=es-419
Entertainment and Recreation,Ocio y entretenimiento,plaza,Plaza,Plaza,no,A,https://developers.google.com/maps/documentation/places/web-service/place-types?hl=es-419
Entertainment and Recreation,Ocio y entretenimiento,roller_coaster,Roller Coaster,Montaña rusa,no,A,https://developers.google.com/maps/documentation/places/web-service/place-types?hl=es-419
Entertainment and Recreation,Ocio y entretenimiento,skateboard_park,Skateboard Park,Parque de skate,no,A,https://developers.google.com/maps/documentation/places/web-service/place-types?hl=es-419
Entertainment and Recreation,Ocio y entretenimiento,state_park,State Park,Parque estatal,no,A,https://developers.google.com/maps/documentation/places/web-service/place-types?hl=es-419
Entertainment and Recreation,Ocio y entretenimiento,tourist_attraction,Tourist Attraction,Atracción turística,no,A,https://developers.google.com/maps/documentation/places/web-service/place-types?hl=es-419
Entertainment and Recreation,Ocio y entretenimiento,video_arcade,Video Arcade,Sala de videojuegos,no,A,https://developers.google.com/maps/documentation/places/web-service/place-types?hl=es-419
Entertainment and Recreation,Ocio y entretenimiento,vineyard,Vineyard,Viñedo,yes,A,https://developers.google.com/maps/documentation/places/web-service/place-types?hl=es-419
Entertainment and Recreation,Ocio y entretenimiento,visitor_center,Visitor Center,Centro de visitantes,no,A,https://developers.google.com/maps/documentation/places/web-service/place-types?hl=es-419
Entertainment and Recreation,Ocio y entretenimiento,water_park,Water Park,Parque acuático,no,A,https://developers.google.com/maps/documentation/places/web-service/place-types?hl=es-419
Entertainment and Recreation,Ocio y entretenimiento,wedding_venue,Wedding Venue,Recinto para bodas,no,A,https://developers.google.com/maps/documentation/places/web-service/place-types?hl=es-419
Entertainment and Recreation,Ocio y entretenimiento,wildlife_park,Wildlife Park,Parque de vida silvestre,no,A,https://developers.google.com/maps/documentation/places/web-service/place-types?hl=es-419
Entertainment and Recreation,Ocio y entretenimiento,wildlife_refuge,Wildlife Refuge,Refugio de vida silvestre,no,A,https://developers.google.com/maps/documentation/places/web-service/place-types?hl=es-419
Entertainment and Recreation,Ocio y entretenimiento,zoo,Zoo,Zoológico,no,A,https://developers.google.com/maps/documentation/places/web-service/place-types?hl=es-419
Facilities,Instalaciones,public_bath,Public Bath,Baño público,no,A,https://developers.google.com/maps/documentation/places/web-service/place-types?hl=es-419
Facilities,Instalaciones,public_bathroom,Public Bathroom,Sanitario público,no,A,https://developers.google.com/maps/documentation/places/web-service/place-types?hl=es-419
Facilities,Instalaciones,stable,Stable,Establo,no,A,https://developers.google.com/maps/documentation/places/web-service/place-types?hl=es-419
Finance,Finanzas,accounting,Accounting,Contabilidad,no,A,https://developers.google.com/maps/documentation/places/web-service/place-types?hl=es-419
Finance,Finanzas,atm,ATM,Cajero automático,no,A,https://developers.google.com/maps/documentation/places/web-service/place-types?hl=es-419
Finance,Finanzas,bank,Bank,Banco,no,A,https://developers.google.com/maps/documentation/places/web-service/place-types?hl=es-419
Food and Drink,Comidas y bebidas,acai_shop,Açaí Shop,Tienda de açaí,no,A,https://developers.google.com/maps/documentation/places/web-service/place-types?hl=es-419
Food and Drink,Comidas y bebidas,afghani_restaurant,Afghani Restaurant,Restaurante afgano,no,A,https://developers.google.com/maps/documentation/places/web-service/place-types?hl=es-419
Food and Drink,Comidas y bebidas,african_restaurant,African Restaurant,Restaurante africano,no,A,https://developers.google.com/maps/documentation/places/web-service/place-types?hl=es-419
Food and Drink,Comidas y bebidas,american_restaurant,American Restaurant,Restaurante estadounidense,no,A,https://developers.google.com/maps/documentation/places/web-service/place-types?hl=es-419
Food and Drink,Comidas y bebidas,argentinian_restaurant,Argentinian Restaurant,Restaurante argentino,yes,A,https://developers.google.com/maps/documentation/places/web-service/place-types?hl=es-419
Food and Drink,Comidas y bebidas,asian_fusion_restaurant,Asian Fusion Restaurant,Restaurante de fusión asiática,yes,A,https://developers.google.com/maps/documentation/places/web-service/place-types?hl=es-419
Food and Drink,Comidas y bebidas,asian_restaurant,Asian Restaurant,Restaurante asiático,no,A,https://developers.google.com/maps/documentation/places/web-service/place-types?hl=es-419
Food and Drink,Comidas y bebidas,australian_restaurant,Australian Restaurant,Restaurante australiano,yes,A,https://developers.google.com/maps/documentation/places/web-service/place-types?hl=es-419
Food and Drink,Comidas y bebidas,austrian_restaurant,Austrian Restaurant,Restaurante austriaco,yes,A,https://developers.google.com/maps/documentation/places/web-service/place-types?hl=es-419
Food and Drink,Comidas y bebidas,bagel_shop,Bagel Shop,Tienda de bagels,no,A,https://developers.google.com/maps/documentation/places/web-service/place-types?hl=es-419
Food and Drink,Comidas y bebidas,bakery,Bakery,Panadería,no,A,https://developers.google.com/maps/documentation/places/web-service/place-types?hl=es-419
Food and Drink,Comidas y bebidas,bangladeshi_restaurant,Bangladeshi Restaurant,Restaurante bangladesí,yes,A,https://developers.google.com/maps/documentation/places/web-service/place-types?hl=es-419
Food and Drink,Comidas y bebidas,bar,Bar,Bar,no,A,https://developers.google.com/maps/documentation/places/web-service/place-types?hl=es-419
Food and Drink,Comidas y bebidas,bar_and_grill,Bar and Grill,Bar y parrilla,no,A,https://developers.google.com/maps/documentation/places/web-service/place-types?hl=es-419
Food and Drink,Comidas y bebidas,barbecue_restaurant,Barbecue Restaurant,Restaurante de barbacoa,no,A,https://developers.google.com/maps/documentation/places/web-service/place-types?hl=es-419
Food and Drink,Comidas y bebidas,basque_restaurant,Basque Restaurant,Restaurante vasco,yes,A,https://developers.google.com/maps/documentation/places/web-service/place-types?hl=es-419
Food and Drink,Comidas y bebidas,bavarian_restaurant,Bavarian Restaurant,Restaurante bávaro,yes,A,https://developers.google.com/maps/documentation/places/web-service/place-types?hl=es-419
Food and Drink,Comidas y bebidas,beer_garden,Beer Garden,Jardín cervecero,yes,A,https://developers.google.com/maps/documentation/places/web-service/place-types?hl=es-419
Food and Drink,Comidas y bebidas,belgian_restaurant,Belgian Restaurant,Restaurante belga,yes,A,https://developers.google.com/maps/documentation/places/web-service/place-types?hl=es-419
Food and Drink,Comidas y bebidas,bistro,Bistro,Bistró,yes,A,https://developers.google.com/maps/documentation/places/web-service/place-types?hl=es-419
Food and Drink,Comidas y bebidas,brazilian_restaurant,Brazilian Restaurant,Restaurante brasileño,no,A,https://developers.google.com/maps/documentation/places/web-service/place-types?hl=es-419
Food and Drink,Comidas y bebidas,breakfast_restaurant,Breakfast Restaurant,Restaurante de desayunos,no,A,https://developers.google.com/maps/documentation/places/web-service/place-types?hl=es-419
Food and Drink,Comidas y bebidas,brewery,Brewery,Cervecería,yes,A,https://developers.google.com/maps/documentation/places/web-service/place-types?hl=es-419
Food and Drink,Comidas y bebidas,brewpub,Brewpub,Cervecería con pub,yes,A,https://developers.google.com/maps/documentation/places/web-service/place-types?hl=es-419
Food and Drink,Comidas y bebidas,british_restaurant,British Restaurant,Restaurante británico,yes,A,https://developers.google.com/maps/documentation/places/web-service/place-types?hl=es-419
Food and Drink,Comidas y bebidas,brunch_restaurant,Brunch Restaurant,Restaurante de brunch,no,A,https://developers.google.com/maps/documentation/places/web-service/place-types?hl=es-419
Food and Drink,Comidas y bebidas,buffet_restaurant,Buffet Restaurant,Restaurante buffet,no,A,https://developers.google.com/maps/documentation/places/web-service/place-types?hl=es-419
Food and Drink,Comidas y bebidas,burmese_restaurant,Burmese Restaurant,Restaurante birmano,yes,A,https://developers.google.com/maps/documentation/places/web-service/place-types?hl=es-419
Food and Drink,Comidas y bebidas,burrito_restaurant,Burrito Restaurant,Restaurante de burritos,yes,A,https://developers.google.com/maps/documentation/places/web-service/place-types?hl=es-419
Food and Drink,Comidas y bebidas,cafe,Cafe,Cafetería,no,A,https://developers.google.com/maps/documentation/places/web-service/place-types?hl=es-419
Food and Drink,Comidas y bebidas,cafeteria,Cafeteria,Cafetería,no,A,https://developers.google.com/maps/documentation/places/web-service/place-types?hl=es-419
Food and Drink,Comidas y bebidas,cajun_restaurant,Cajun Restaurant,Restaurante cajún,yes,A,https://developers.google.com/maps/documentation/places/web-service/place-types?hl=es-419
Food and Drink,Comidas y bebidas,cake_shop,Cake Shop,Pastelería,yes,A,https://developers.google.com/maps/documentation/places/web-service/place-types?hl=es-419
Food and Drink,Comidas y bebidas,californian_restaurant,Californian Restaurant,Restaurante californiano,yes,A,https://developers.google.com/maps/documentation/places/web-service/place-types?hl=es-419
Food and Drink,Comidas y bebidas,cambodian_restaurant,Cambodian Restaurant,Restaurante camboyano,yes,A,https://developers.google.com/maps/documentation/places/web-service/place-types?hl=es-419
Food and Drink,Comidas y bebidas,candy_store,Candy Store,Dulcería,no,A,https://developers.google.com/maps/documentation/places/web-service/place-types?hl=es-419
Food and Drink,Comidas y bebidas,cantonese_restaurant,Cantonese Restaurant,Restaurante cantonés,yes,A,https://developers.google.com/maps/documentation/places/web-service/place-types?hl=es-419
Food and Drink,Comidas y bebidas,caribbean_restaurant,Caribbean Restaurant,Restaurante caribeño,yes,A,https://developers.google.com/maps/documentation/places/web-service/place-types?hl=es-419
Food and Drink,Comidas y bebidas,cat_cafe,Cat Cafe,Café de gatos,no,A,https://developers.google.com/maps/documentation/places/web-service/place-types?hl=es-419
Food and Drink,Comidas y bebidas,chicken_restaurant,Chicken Restaurant,Restaurante de pollo,yes,A,https://developers.google.com/maps/documentation/places/web-service/place-types?hl=es-419
Food and Drink,Comidas y bebidas,chicken_wings_restaurant,Chicken Wings Restaurant,Restaurante de alitas,yes,A,https://developers.google.com/maps/documentation/places/web-service/place-types?hl=es-419
Food and Drink,Comidas y bebidas,chilean_restaurant,Chilean Restaurant,Restaurante chileno,yes,A,https://developers.google.com/maps/documentation/places/web-service/place-types?hl=es-419
Food and Drink,Comidas y bebidas,chinese_noodle_restaurant,Chinese Noodle Restaurant,Restaurante de fideos chinos,yes,A,https://developers.google.com/maps/documentation/places/web-service/place-types?hl=es-419
Food and Drink,Comidas y bebidas,chinese_restaurant,Chinese Restaurant,Restaurante chino,no,A,https://developers.google.com/maps/documentation/places/web-service/place-types?hl=es-419
Food and Drink,Comidas y bebidas,chocolate_factory,Chocolate Factory,Fábrica de chocolate,no,A,https://developers.google.com/maps/documentation/places/web-service/place-types?hl=es-419
Food and Drink,Comidas y bebidas,chocolate_shop,Chocolate Shop,Chocolatería,no,A,https://developers.google.com/maps/documentation/places/web-service/place-types?hl=es-419
Food and Drink,Comidas y bebidas,cocktail_bar,Cocktail Bar,Bar de cócteles,yes,A,https://developers.google.com/maps/documentation/places/web-service/place-types?hl=es-419
Food and Drink,Comidas y bebidas,coffee_roastery,Coffee Roastery,Tostador de café,yes,A,https://developers.google.com/maps/documentation/places/web-service/place-types?hl=es-419
Food and Drink,Comidas y bebidas,coffee_shop,Coffee Shop,Cafetería,no,A,https://developers.google.com/maps/documentation/places/web-service/place-types?hl=es-419
Food and Drink,Comidas y bebidas,coffee_stand,Coffee Stand,Puesto de café,yes,A,https://developers.google.com/maps/documentation/places/web-service/place-types?hl=es-419
Food and Drink,Comidas y bebidas,colombian_restaurant,Colombian Restaurant,Restaurante colombiano,yes,A,https://developers.google.com/maps/documentation/places/web-service/place-types?hl=es-419
Food and Drink,Comidas y bebidas,confectionery,Confectionery,Confitería,no,A,https://developers.google.com/maps/documentation/places/web-service/place-types?hl=es-419
Food and Drink,Comidas y bebidas,croatian_restaurant,Croatian Restaurant,Restaurante croata,yes,A,https://developers.google.com/maps/documentation/places/web-service/place-types?hl=es-419
Food and Drink,Comidas y bebidas,cuban_restaurant,Cuban Restaurant,Restaurante cubano,yes,A,https://developers.google.com/maps/documentation/places/web-service/place-types?hl=es-419
Food and Drink,Comidas y bebidas,czech_restaurant,Czech Restaurant,Restaurante checo,yes,A,https://developers.google.com/maps/documentation/places/web-service/place-types?hl=es-419
Food and Drink,Comidas y bebidas,danish_restaurant,Danish Restaurant,Restaurante danés,yes,A,https://developers.google.com/maps/documentation/places/web-service/place-types?hl=es-419
Food and Drink,Comidas y bebidas,deli,Deli,Delicatessen,no,A,https://developers.google.com/maps/documentation/places/web-service/place-types?hl=es-419
Food and Drink,Comidas y bebidas,dessert_restaurant,Dessert Restaurant,Restaurante de postres,no,A,https://developers.google.com/maps/documentation/places/web-service/place-types?hl=es-419
Food and Drink,Comidas y bebidas,dessert_shop,Dessert Shop,Tienda de postres,no,A,https://developers.google.com/maps/documentation/places/web-service/place-types?hl=es-419
Food and Drink,Comidas y bebidas,dim_sum_restaurant,Dim Sum Restaurant,Restaurante de dim sum,yes,A,https://developers.google.com/maps/documentation/places/web-service/place-types?hl=es-419
Food and Drink,Comidas y bebidas,diner,Diner,Restaurante tipo diner,no,A,https://developers.google.com/maps/documentation/places/web-service/place-types?hl=es-419
Food and Drink,Comidas y bebidas,dog_cafe,Dog Cafe,Café de perros,no,A,https://developers.google.com/maps/documentation/places/web-service/place-types?hl=es-419
Food and Drink,Comidas y bebidas,donut_shop,Donut Shop,Tienda de donas,no,A,https://developers.google.com/maps/documentation/places/web-service/place-types?hl=es-419
Food and Drink,Comidas y bebidas,dumpling_restaurant,Dumpling Restaurant,Restaurante de dumplings,yes,A,https://developers.google.com/maps/documentation/places/web-service/place-types?hl=es-419
Food and Drink,Comidas y bebidas,dutch_restaurant,Dutch Restaurant,Restaurante neerlandés,yes,A,https://developers.google.com/maps/documentation/places/web-service/place-types?hl=es-419
Food and Drink,Comidas y bebidas,eastern_european_restaurant,Eastern European Restaurant,Restaurante de Europa del Este,yes,A,https://developers.google.com/maps/documentation/places/web-service/place-types?hl=es-419
Food and Drink,Comidas y bebidas,ethiopian_restaurant,Ethiopian Restaurant,Restaurante etíope,yes,A,https://developers.google.com/maps/documentation/places/web-service/place-types?hl=es-419
Food and Drink,Comidas y bebidas,european_restaurant,European Restaurant,Restaurante europeo,yes,A,https://developers.google.com/maps/documentation/places/web-service/place-types?hl=es-419
Food and Drink,Comidas y bebidas,falafel_restaurant,Falafel Restaurant,Restaurante de falafel,yes,A,https://developers.google.com/maps/documentation/places/web-service/place-types?hl=es-419
Food and Drink,Comidas y bebidas,family_restaurant,Family Restaurant,Restaurante familiar,yes,A,https://developers.google.com/maps/documentation/places/web-service/place-types?hl=es-419
Food and Drink,Comidas y bebidas,fast_food_restaurant,Fast Food Restaurant,Restaurante de comida rápida,no,A,https://developers.google.com/maps/documentation/places/web-service/place-types?hl=es-419
Food and Drink,Comidas y bebidas,filipino_restaurant,Filipino Restaurant,Restaurante filipino,yes,A,https://developers.google.com/maps/documentation/places/web-service/place-types?hl=es-419
Food and Drink,Comidas y bebidas,fine_dining_restaurant,Fine Dining Restaurant,Restaurante de alta cocina,no,A,https://developers.google.com/maps/documentation/places/web-service/place-types?hl=es-419
Food and Drink,Comidas y bebidas,fish_and_chips_restaurant,Fish And Chips Restaurant,Restaurante de fish and chips,yes,A,https://developers.google.com/maps/documentation/places/web-service/place-types?hl=es-419
Food and Drink,Comidas y bebidas,fondue_restaurant,Fondue Restaurant,Restaurante de fondue,yes,A,https://developers.google.com/maps/documentation/places/web-service/place-types?hl=es-419
Food and Drink,Comidas y bebidas,food_court,Food Court,Patio de comidas,no,A,https://developers.google.com/maps/documentation/places/web-service/place-types?hl=es-419
Food and Drink,Comidas y bebidas,french_restaurant,French Restaurant,Restaurante francés,no,A,https://developers.google.com/maps/documentation/places/web-service/place-types?hl=es-419
Food and Drink,Comidas y bebidas,fusion_restaurant,Fusion Restaurant,Restaurante de fusión,yes,A,https://developers.google.com/maps/documentation/places/web-service/place-types?hl=es-419
Food and Drink,Comidas y bebidas,gastropub,Gastropub,Gastropub,yes,A,https://developers.google.com/maps/documentation/places/web-service/place-types?hl=es-419
Food and Drink,Comidas y bebidas,german_restaurant,German Restaurant,Restaurante alemán,yes,A,https://developers.google.com/maps/documentation/places/web-service/place-types?hl=es-419
Food and Drink,Comidas y bebidas,greek_restaurant,Greek Restaurant,Restaurante griego,no,A,https://developers.google.com/maps/documentation/places/web-service/place-types?hl=es-419
Food and Drink,Comidas y bebidas,gyro_restaurant,Gyro Restaurant,Restaurante de gyros,yes,A,https://developers.google.com/maps/documentation/places/web-service/place-types?hl=es-419
Food and Drink,Comidas y bebidas,halal_restaurant,Halal Restaurant,Restaurante halal,yes,A,https://developers.google.com/maps/documentation/places/web-service/place-types?hl=es-419
Food and Drink,Comidas y bebidas,hamburger_restaurant,Hamburger Restaurant,Hamburguesería,no,A,https://developers.google.com/maps/documentation/places/web-service/place-types?hl=es-419
Food and Drink,Comidas y bebidas,hawaiian_restaurant,Hawaiian Restaurant,Restaurante hawaiano,yes,A,https://developers.google.com/maps/documentation/places/web-service/place-types?hl=es-419
Food and Drink,Comidas y bebidas,hookah_bar,Hookah Bar,Bar de hookah,yes,A,https://developers.google.com/maps/documentation/places/web-service/place-types?hl=es-419
Food and Drink,Comidas y bebidas,hot_dog_restaurant,Hot Dog Restaurant,Restaurante de hot dogs,yes,A,https://developers.google.com/maps/documentation/places/web-service/place-types?hl=es-419
Food and Drink,Comidas y bebidas,hot_dog_stand,Hot Dog Stand,Puesto de hot dogs,yes,A,https://developers.google.com/maps/documentation/places/web-service/place-types?hl=es-419
Food and Drink,Comidas y bebidas,hot_pot_restaurant,Hot Pot Restaurant,Restaurante de hot pot,yes,A,https://developers.google.com/maps/documentation/places/web-service/place-types?hl=es-419
Food and Drink,Comidas y bebidas,hungarian_restaurant,Hungarian Restaurant,Restaurante húngaro,yes,A,https://developers.google.com/maps/documentation/places/web-service/place-types?hl=es-419
Food and Drink,Comidas y bebidas,ice_cream_shop,Ice Cream Shop,Heladería,no,A,https://developers.google.com/maps/documentation/places/web-service/place-types?hl=es-419
Food and Drink,Comidas y bebidas,indian_restaurant,Indian Restaurant,Restaurante indio,no,A,https://developers.google.com/maps/documentation/places/web-service/place-types?hl=es-419
Food and Drink,Comidas y bebidas,indonesian_restaurant,Indonesian Restaurant,Restaurante indonesio,no,A,https://developers.google.com/maps/documentation/places/web-service/place-types?hl=es-419
Food and Drink,Comidas y bebidas,irish_pub,Irish Pub,Pub irlandés,yes,A,https://developers.google.com/maps/documentation/places/web-service/place-types?hl=es-419
Food and Drink,Comidas y bebidas,irish_restaurant,Irish Restaurant,Restaurante irlandés,yes,A,https://developers.google.com/maps/documentation/places/web-service/place-types?hl=es-419
Food and Drink,Comidas y bebidas,israeli_restaurant,Israeli Restaurant,Restaurante israelí,yes,A,https://developers.google.com/maps/documentation/places/web-service/place-types?hl=es-419
Food and Drink,Comidas y bebidas,italian_restaurant,Italian Restaurant,Restaurante italiano,no,A,https://developers.google.com/maps/documentation/places/web-service/place-types?hl=es-419
Food and Drink,Comidas y bebidas,japanese_curry_restaurant,Japanese Curry Restaurant,Restaurante de curry japonés,yes,A,https://developers.google.com/maps/documentation/places/web-service/place-types?hl=es-419
Food and Drink,Comidas y bebidas,japanese_izakaya_restaurant,Japanese Izakaya Restaurant,Izakaya japonés,yes,A,https://developers.google.com/maps/documentation/places/web-service/place-types?hl=es-419
Food and Drink,Comidas y bebidas,japanese_restaurant,Japanese Restaurant,Restaurante japonés,no,A,https://developers.google.com/maps/documentation/places/web-service/place-types?hl=es-419
Food and Drink,Comidas y bebidas,juice_shop,Juice Shop,Tienda de jugos,no,A,https://developers.google.com/maps/documentation/places/web-service/place-types?hl=es-419
Food and Drink,Comidas y bebidas,kebab_shop,Kebab Shop,Tienda de kebabs,yes,A,https://developers.google.com/maps/documentation/places/web-service/place-types?hl=es-419
Food and Drink,Comidas y bebidas,korean_barbecue_restaurant,Korean Barbecue Restaurant,Restaurante de barbacoa coreana,yes,A,https://developers.google.com/maps/documentation/places/web-service/place-types?hl=es-419
Food and Drink,Comidas y bebidas,korean_restaurant,Korean Restaurant,Restaurante coreano,no,A,https://developers.google.com/maps/documentation/places/web-service/place-types?hl=es-419
Food and Drink,Comidas y bebidas,latin_american_restaurant,Latin American Restaurant,Restaurante latinoamericano,yes,A,https://developers.google.com/maps/documentation/places/web-service/place-types?hl=es-419
Food and Drink,Comidas y bebidas,lebanese_restaurant,Lebanese Restaurant,Restaurante libanés,no,A,https://developers.google.com/maps/documentation/places/web-service/place-types?hl=es-419
Food and Drink,Comidas y bebidas,lounge_bar,Lounge Bar,Bar lounge,yes,A,https://developers.google.com/maps/documentation/places/web-service/place-types?hl=es-419
Food and Drink,Comidas y bebidas,malaysian_restaurant,Malaysian Restaurant,Restaurante malasio,yes,A,https://developers.google.com/maps/documentation/places/web-service/place-types?hl=es-419
Food and Drink,Comidas y bebidas,meal_delivery,Meal Delivery,Entrega de comida preparada,no,A,https://developers.google.com/maps/documentation/places/web-service/place-types?hl=es-419
Food and Drink,Comidas y bebidas,meal_takeaway,Meal Takeaway,Comida para llevar,no,A,https://developers.google.com/maps/documentation/places/web-service/place-types?hl=es-419
Food and Drink,Comidas y bebidas,mediterranean_restaurant,Mediterranean Restaurant,Restaurante mediterráneo,no,A,https://developers.google.com/maps/documentation/places/web-service/place-types?hl=es-419
Food and Drink,Comidas y bebidas,mexican_restaurant,Mexican Restaurant,Restaurante mexicano,no,A,https://developers.google.com/maps/documentation/places/web-service/place-types?hl=es-419
Food and Drink,Comidas y bebidas,middle_eastern_restaurant,Middle Eastern Restaurant,Restaurante de Medio Oriente,no,A,https://developers.google.com/maps/documentation/places/web-service/place-types?hl=es-419
Food and Drink,Comidas y bebidas,mongolian_barbecue_restaurant,Mongolian Barbecue Restaurant,Restaurante de barbacoa mongola,yes,A,https://developers.google.com/maps/documentation/places/web-service/place-types?hl=es-419
Food and Drink,Comidas y bebidas,moroccan_restaurant,Moroccan Restaurant,Restaurante marroquí,yes,A,https://developers.google.com/maps/documentation/places/web-service/place-types?hl=es-419
Food and Drink,Comidas y bebidas,noodle_shop,Noodle Shop,Tienda de fideos,yes,A,https://developers.google.com/maps/documentation/places/web-service/place-types?hl=es-419
Food and Drink,Comidas y bebidas,north_indian_restaurant,North Indian Restaurant,Restaurante del norte de India,yes,A,https://developers.google.com/maps/documentation/places/web-service/place-types?hl=es-419
Food and Drink,Comidas y bebidas,oyster_bar_restaurant,Oyster Bar Restaurant,Bar-restaurante de ostras,yes,A,https://developers.google.com/maps/documentation/places/web-service/place-types?hl=es-419
Food and Drink,Comidas y bebidas,pakistani_restaurant,Pakistani Restaurant,Restaurante pakistaní,yes,A,https://developers.google.com/maps/documentation/places/web-service/place-types?hl=es-419
Food and Drink,Comidas y bebidas,pastry_shop,Pastry Shop,Pastelería,yes,A,https://developers.google.com/maps/documentation/places/web-service/place-types?hl=es-419
Food and Drink,Comidas y bebidas,persian_restaurant,Persian Restaurant,Restaurante persa,yes,A,https://developers.google.com/maps/documentation/places/web-service/place-types?hl=es-419
Food and Drink,Comidas y bebidas,peruvian_restaurant,Peruvian Restaurant,Restaurante peruano,yes,A,https://developers.google.com/maps/documentation/places/web-service/place-types?hl=es-419
Food and Drink,Comidas y bebidas,pizza_delivery,Pizza Delivery,Entrega de pizza,yes,A,https://developers.google.com/maps/documentation/places/web-service/place-types?hl=es-419
Food and Drink,Comidas y bebidas,pizza_restaurant,Pizza Restaurant,Pizzería,no,A,https://developers.google.com/maps/documentation/places/web-service/place-types?hl=es-419
Food and Drink,Comidas y bebidas,polish_restaurant,Polish Restaurant,Restaurante polaco,yes,A,https://developers.google.com/maps/documentation/places/web-service/place-types?hl=es-419
Food and Drink,Comidas y bebidas,portuguese_restaurant,Portuguese Restaurant,Restaurante portugués,yes,A,https://developers.google.com/maps/documentation/places/web-service/place-types?hl=es-419
Food and Drink,Comidas y bebidas,pub,Pub,Pub,no,A,https://developers.google.com/maps/documentation/places/web-service/place-types?hl=es-419
Food and Drink,Comidas y bebidas,ramen_restaurant,Ramen Restaurant,Restaurante de ramen,no,A,https://developers.google.com/maps/documentation/places/web-service/place-types?hl=es-419
Food and Drink,Comidas y bebidas,restaurant,Restaurant,Restaurante,no,A,https://developers.google.com/maps/documentation/places/web-service/place-types?hl=es-419
Food and Drink,Comidas y bebidas,romanian_restaurant,Romanian Restaurant,Restaurante rumano,yes,A,https://developers.google.com/maps/documentation/places/web-service/place-types?hl=es-419
Food and Drink,Comidas y bebidas,russian_restaurant,Russian Restaurant,Restaurante ruso,yes,A,https://developers.google.com/maps/documentation/places/web-service/place-types?hl=es-419
Food and Drink,Comidas y bebidas,salad_shop,Salad Shop,Tienda de ensaladas,yes,A,https://developers.google.com/maps/documentation/places/web-service/place-types?hl=es-419
Food and Drink,Comidas y bebidas,sandwich_shop,Sandwich Shop,Tienda de sándwiches,no,A,https://developers.google.com/maps/documentation/places/web-service/place-types?hl=es-419
Food and Drink,Comidas y bebidas,scandinavian_restaurant,Scandinavian Restaurant,Restaurante escandinavo,yes,A,https://developers.google.com/maps/documentation/places/web-service/place-types?hl=es-419
Food and Drink,Comidas y bebidas,seafood_restaurant,Seafood Restaurant,Restaurante de mariscos,no,A,https://developers.google.com/maps/documentation/places/web-service/place-types?hl=es-419
Food and Drink,Comidas y bebidas,shawarma_restaurant,Shawarma Restaurant,Restaurante de shawarma,yes,A,https://developers.google.com/maps/documentation/places/web-service/place-types?hl=es-419
Food and Drink,Comidas y bebidas,snack_bar,Snack Bar,Bar de aperitivos,yes,A,https://developers.google.com/maps/documentation/places/web-service/place-types?hl=es-419
Food and Drink,Comidas y bebidas,soul_food_restaurant,Soul Food Restaurant,Restaurante de soul food,yes,A,https://developers.google.com/maps/documentation/places/web-service/place-types?hl=es-419
Food and Drink,Comidas y bebidas,soup_restaurant,Soup Restaurant,Restaurante de sopas,yes,A,https://developers.google.com/maps/documentation/places/web-service/place-types?hl=es-419
Food and Drink,Comidas y bebidas,south_american_restaurant,South American Restaurant,Restaurante sudamericano,yes,A,https://developers.google.com/maps/documentation/places/web-service/place-types?hl=es-419
Food and Drink,Comidas y bebidas,south_indian_restaurant,South Indian Restaurant,Restaurante del sur de India,yes,A,https://developers.google.com/maps/documentation/places/web-service/place-types?hl=es-419
Food and Drink,Comidas y bebidas,southwestern_us_restaurant,Southwestern US Restaurant,Restaurante del suroeste de EE. UU.,yes,A,https://developers.google.com/maps/documentation/places/web-service/place-types?hl=es-419
Food and Drink,Comidas y bebidas,spanish_restaurant,Spanish Restaurant,Restaurante español,no,A,https://developers.google.com/maps/documentation/places/web-service/place-types?hl=es-419
Food and Drink,Comidas y bebidas,sports_bar,Sports Bar,Bar deportivo,yes,A,https://developers.google.com/maps/documentation/places/web-service/place-types?hl=es-419
Food and Drink,Comidas y bebidas,sri_lankan_restaurant,Sri Lankan Restaurant,Restaurante de Sri Lanka,yes,A,https://developers.google.com/maps/documentation/places/web-service/place-types?hl=es-419
Food and Drink,Comidas y bebidas,steak_house,Steak House,Restaurante de carnes,no,A,https://developers.google.com/maps/documentation/places/web-service/place-types?hl=es-419
Food and Drink,Comidas y bebidas,sushi_restaurant,Sushi Restaurant,Restaurante de sushi,no,A,https://developers.google.com/maps/documentation/places/web-service/place-types?hl=es-419
Food and Drink,Comidas y bebidas,swiss_restaurant,Swiss Restaurant,Restaurante suizo,yes,A,https://developers.google.com/maps/documentation/places/web-service/place-types?hl=es-419
Food and Drink,Comidas y bebidas,taco_restaurant,Taco Restaurant,Taquería,yes,A,https://developers.google.com/maps/documentation/places/web-service/place-types?hl=es-419
Food and Drink,Comidas y bebidas,taiwanese_restaurant,Taiwanese Restaurant,Restaurante taiwanés,yes,A,https://developers.google.com/maps/documentation/places/web-service/place-types?hl=es-419
Food and Drink,Comidas y bebidas,tapas_restaurant,Tapas Restaurant,Restaurante de tapas,yes,A,https://developers.google.com/maps/documentation/places/web-service/place-types?hl=es-419
Food and Drink,Comidas y bebidas,tea_house,Tea House,Casa de té,no,A,https://developers.google.com/maps/documentation/places/web-service/place-types?hl=es-419
Food and Drink,Comidas y bebidas,tex_mex_restaurant,Tex-Mex Restaurant,Restaurante tex-mex,yes,A,https://developers.google.com/maps/documentation/places/web-service/place-types?hl=es-419
Food and Drink,Comidas y bebidas,thai_restaurant,Thai Restaurant,Restaurante tailandés,no,A,https://developers.google.com/maps/documentation/places/web-service/place-types?hl=es-419
Food and Drink,Comidas y bebidas,tibetan_restaurant,Tibetan Restaurant,Restaurante tibetano,yes,A,https://developers.google.com/maps/documentation/places/web-service/place-types?hl=es-419
Food and Drink,Comidas y bebidas,tonkatsu_restaurant,Tonkatsu Restaurant,Restaurante de tonkatsu,yes,A,https://developers.google.com/maps/documentation/places/web-service/place-types?hl=es-419
Food and Drink,Comidas y bebidas,turkish_restaurant,Turkish Restaurant,Restaurante turco,no,A,https://developers.google.com/maps/documentation/places/web-service/place-types?hl=es-419
Food and Drink,Comidas y bebidas,ukrainian_restaurant,Ukrainian Restaurant,Restaurante ucraniano,yes,A,https://developers.google.com/maps/documentation/places/web-service/place-types?hl=es-419
Food and Drink,Comidas y bebidas,vegan_restaurant,Vegan Restaurant,Restaurante vegano,no,A,https://developers.google.com/maps/documentation/places/web-service/place-types?hl=es-419
Food and Drink,Comidas y bebidas,vegetarian_restaurant,Vegetarian Restaurant,Restaurante vegetariano,no,A,https://developers.google.com/maps/documentation/places/web-service/place-types?hl=es-419
Food and Drink,Comidas y bebidas,vietnamese_restaurant,Vietnamese Restaurant,Restaurante vietnamita,no,A,https://developers.google.com/maps/documentation/places/web-service/place-types?hl=es-419
Food and Drink,Comidas y bebidas,western_restaurant,Western Restaurant,Restaurante occidental,yes,A,https://developers.google.com/maps/documentation/places/web-service/place-types?hl=es-419
Food and Drink,Comidas y bebidas,wine_bar,Wine Bar,Bar de vinos,no,A,https://developers.google.com/maps/documentation/places/web-service/place-types?hl=es-419
Food and Drink,Comidas y bebidas,winery,Winery,Bodega vinícola,yes,A,https://developers.google.com/maps/documentation/places/web-service/place-types?hl=es-419
Food and Drink,Comidas y bebidas,yakiniku_restaurant,Yakiniku Restaurant,Restaurante de yakiniku,yes,A,https://developers.google.com/maps/documentation/places/web-service/place-types?hl=es-419
Food and Drink,Comidas y bebidas,yakitori_restaurant,Yakitori Restaurant,Restaurante de yakitori,yes,A,https://developers.google.com/maps/documentation/places/web-service/place-types?hl=es-419
Geographical Areas,Áreas geográficas,administrative_area_level_1,Administrative Area Level 1,Área administrativa nivel 1,no,A,https://developers.google.com/maps/documentation/places/web-service/place-types?hl=es-419
Geographical Areas,Áreas geográficas,administrative_area_level_2,Administrative Area Level 2,Área administrativa nivel 2,no,A,https://developers.google.com/maps/documentation/places/web-service/place-types?hl=es-419
Geographical Areas,Áreas geográficas,country,Country,País,no,A,https://developers.google.com/maps/documentation/places/web-service/place-types?hl=es-419
Geographical Areas,Áreas geográficas,locality,Locality,Localidad,no,A,https://developers.google.com/maps/documentation/places/web-service/place-types?hl=es-419
Geographical Areas,Áreas geográficas,postal_code,Postal Code,Código postal,no,A,https://developers.google.com/maps/documentation/places/web-service/place-types?hl=es-419
Geographical Areas,Áreas geográficas,school_district,School District,Distrito escolar,no,A,https://developers.google.com/maps/documentation/places/web-service/place-types?hl=es-419
Government,Gobierno,city_hall,City Hall,Ayuntamiento,no,A,https://developers.google.com/maps/documentation/places/web-service/place-types?hl=es-419
Government,Gobierno,courthouse,Courthouse,Palacio de justicia,no,A,https://developers.google.com/maps/documentation/places/web-service/place-types?hl=es-419
Government,Gobierno,embassy,Embassy,Embajada,no,A,https://developers.google.com/maps/documentation/places/web-service/place-types?hl=es-419
Government,Gobierno,fire_station,Fire Station,Estación de bomberos,no,A,https://developers.google.com/maps/documentation/places/web-service/place-types?hl=es-419
Government,Gobierno,government_office,Government Office,Oficina gubernamental,no,A,https://developers.google.com/maps/documentation/places/web-service/place-types?hl=es-419
Government,Gobierno,local_government_office,Local Government Office,Oficina de gobierno local,no,A,https://developers.google.com/maps/documentation/places/web-service/place-types?hl=es-419
Government,Gobierno,neighborhood_police_station,Neighborhood Police Station,Estación de policía de barrio,no,A,https://developers.google.com/maps/documentation/places/web-service/place-types?hl=es-419
Government,Gobierno,police,Police,Policía,no,A,https://developers.google.com/maps/documentation/places/web-service/place-types?hl=es-419
Government,Gobierno,post_office,Post Office,Oficina de correos,no,A,https://developers.google.com/maps/documentation/places/web-service/place-types?hl=es-419
Health and Wellness,Salud y bienestar,chiropractor,Chiropractor,Quiropráctico,no,A,https://developers.google.com/maps/documentation/places/web-service/place-types?hl=es-419
Health and Wellness,Salud y bienestar,dental_clinic,Dental Clinic,Clínica dental,no,A,https://developers.google.com/maps/documentation/places/web-service/place-types?hl=es-419
Health and Wellness,Salud y bienestar,dentist,Dentist,Dentista,no,A,https://developers.google.com/maps/documentation/places/web-service/place-types?hl=es-419
Health and Wellness,Salud y bienestar,doctor,Doctor,Médico,no,A,https://developers.google.com/maps/documentation/places/web-service/place-types?hl=es-419
Health and Wellness,Salud y bienestar,drugstore,Drugstore,Droguería,no,A,https://developers.google.com/maps/documentation/places/web-service/place-types?hl=es-419
Health and Wellness,Salud y bienestar,general_hospital,General Hospital,Hospital general,yes,A,https://developers.google.com/maps/documentation/places/web-service/place-types?hl=es-419
Health and Wellness,Salud y bienestar,hospital,Hospital,Hospital,no,A,https://developers.google.com/maps/documentation/places/web-service/place-types?hl=es-419
Health and Wellness,Salud y bienestar,massage,Massage,Masajes,no,A,https://developers.google.com/maps/documentation/places/web-service/place-types?hl=es-419
Health and Wellness,Salud y bienestar,massage_spa,Massage Spa,Spa de masajes,yes,A,https://developers.google.com/maps/documentation/places/web-service/place-types?hl=es-419
Health and Wellness,Salud y bienestar,medical_center,Medical Center,Centro médico,yes,A,https://developers.google.com/maps/documentation/places/web-service/place-types?hl=es-419
Health and Wellness,Salud y bienestar,medical_clinic,Medical Clinic,Clínica médica,yes,A,https://developers.google.com/maps/documentation/places/web-service/place-types?hl=es-419
Health and Wellness,Salud y bienestar,medical_lab,Medical Lab,Laboratorio médico,no,A,https://developers.google.com/maps/documentation/places/web-service/place-types?hl=es-419
Health and Wellness,Salud y bienestar,pharmacy,Pharmacy,Farmacia,no,A,https://developers.google.com/maps/documentation/places/web-service/place-types?hl=es-419
Health and Wellness,Salud y bienestar,physiotherapist,Physiotherapist,Fisioterapeuta,no,A,https://developers.google.com/maps/documentation/places/web-service/place-types?hl=es-419
Health and Wellness,Salud y bienestar,sauna,Sauna,Sauna,no,A,https://developers.google.com/maps/documentation/places/web-service/place-types?hl=es-419
Health and Wellness,Salud y bienestar,skin_care_clinic,Skin Care Clinic,Clínica de cuidado de la piel,no,A,https://developers.google.com/maps/documentation/places/web-service/place-types?hl=es-419
Health and Wellness,Salud y bienestar,spa,Spa,Spa,no,A,https://developers.google.com/maps/documentation/places/web-service/place-types?hl=es-419
Health and Wellness,Salud y bienestar,tanning_studio,Tanning Studio,Estudio de bronceado,no,A,https://developers.google.com/maps/documentation/places/web-service/place-types?hl=es-419
Health and Wellness,Salud y bienestar,wellness_center,Wellness Center,Centro de bienestar,no,A,https://developers.google.com/maps/documentation/places/web-service/place-types?hl=es-419
Health and Wellness,Salud y bienestar,yoga_studio,Yoga Studio,Estudio de yoga,no,A,https://developers.google.com/maps/documentation/places/web-service/place-types?hl=es-419
Housing,Vivienda,apartment_building,Apartment Building,Edificio de departamentos,no,A,https://developers.google.com/maps/documentation/places/web-service/place-types?hl=es-419
Housing,Vivienda,apartment_complex,Apartment Complex,Complejo de departamentos,no,A,https://developers.google.com/maps/documentation/places/web-service/place-types?hl=es-419
Housing,Vivienda,condominium_complex,Condominium Complex,Complejo de condominios,no,A,https://developers.google.com/maps/documentation/places/web-service/place-types?hl=es-419
Housing,Vivienda,housing_complex,Housing Complex,Complejo habitacional,no,A,https://developers.google.com/maps/documentation/places/web-service/place-types?hl=es-419
Lodging,Alojamiento,bed_and_breakfast,Bed and Breakfast,Alojamiento con desayuno,no,A,https://developers.google.com/maps/documentation/places/web-service/place-types?hl=es-419
Lodging,Alojamiento,budget_japanese_inn,Budget Japanese Inn,Posada japonesa económica,no,A,https://developers.google.com/maps/documentation/places/web-service/place-types?hl=es-419
Lodging,Alojamiento,campground,Campground,Campamento,no,A,https://developers.google.com/maps/documentation/places/web-service/place-types?hl=es-419
Lodging,Alojamiento,camping_cabin,Camping Cabin,Cabaña de campamento,no,A,https://developers.google.com/maps/documentation/places/web-service/place-types?hl=es-419
Lodging,Alojamiento,cottage,Cottage,Casa de campo,no,A,https://developers.google.com/maps/documentation/places/web-service/place-types?hl=es-419
Lodging,Alojamiento,extended_stay_hotel,Extended Stay Hotel,Hotel de estancia prolongada,no,A,https://developers.google.com/maps/documentation/places/web-service/place-types?hl=es-419
Lodging,Alojamiento,farmstay,Farmstay,Alojamiento rural,no,A,https://developers.google.com/maps/documentation/places/web-service/place-types?hl=es-419
Lodging,Alojamiento,guest_house,Guest House,Casa de huéspedes,no,A,https://developers.google.com/maps/documentation/places/web-service/place-types?hl=es-419
Lodging,Alojamiento,hostel,Hostel,Hostal,no,A,https://developers.google.com/maps/documentation/places/web-service/place-types?hl=es-419
Lodging,Alojamiento,hotel,Hotel,Hotel,no,A,https://developers.google.com/maps/documentation/places/web-service/place-types?hl=es-419
Lodging,Alojamiento,inn,Inn,Posada,no,A,https://developers.google.com/maps/documentation/places/web-service/place-types?hl=es-419
Lodging,Alojamiento,japanese_inn,Japanese Inn,Posada japonesa,no,A,https://developers.google.com/maps/documentation/places/web-service/place-types?hl=es-419
Lodging,Alojamiento,lodging,Lodging,Alojamiento,no,A,https://developers.google.com/maps/documentation/places/web-service/place-types?hl=es-419
Lodging,Alojamiento,mobile_home_park,Mobile Home Park,Parque de casas móviles,no,A,https://developers.google.com/maps/documentation/places/web-service/place-types?hl=es-419
Lodging,Alojamiento,motel,Motel,Motel,no,A,https://developers.google.com/maps/documentation/places/web-service/place-types?hl=es-419
Lodging,Alojamiento,private_guest_room,Private Guest Room,Habitación privada para huéspedes,no,A,https://developers.google.com/maps/documentation/places/web-service/place-types?hl=es-419
Lodging,Alojamiento,resort_hotel,Resort Hotel,Hotel resort,no,A,https://developers.google.com/maps/documentation/places/web-service/place-types?hl=es-419
Lodging,Alojamiento,rv_park,RV Park,Parque para casas rodantes,no,A,https://developers.google.com/maps/documentation/places/web-service/place-types?hl=es-419
Natural Features,Accidentes geográficos,beach,Beach,Playa,no,A,https://developers.google.com/maps/documentation/places/web-service/place-types?hl=es-419
Natural Features,Accidentes geográficos,island,Island,Isla,yes,A,https://developers.google.com/maps/documentation/places/web-service/place-types?hl=es-419
Natural Features,Accidentes geográficos,lake,Lake,Lago,yes,A,https://developers.google.com/maps/documentation/places/web-service/place-types?hl=es-419
Natural Features,Accidentes geográficos,mountain_peak,Mountain Peak,Pico de montaña,yes,A,https://developers.google.com/maps/documentation/places/web-service/place-types?hl=es-419
Natural Features,Accidentes geográficos,nature_preserve,Nature Preserve,Reserva natural,yes,A,https://developers.google.com/maps/documentation/places/web-service/place-types?hl=es-419
Natural Features,Accidentes geográficos,river,River,Río,yes,A,https://developers.google.com/maps/documentation/places/web-service/place-types?hl=es-419
Natural Features,Accidentes geográficos,scenic_spot,Scenic Spot,Lugar panorámico,yes,A,https://developers.google.com/maps/documentation/places/web-service/place-types?hl=es-419
Natural Features,Accidentes geográficos,woods,Woods,Bosque,yes,A,https://developers.google.com/maps/documentation/places/web-service/place-types?hl=es-419
Places of Worship,Lugares de culto,buddhist_temple,Buddhist Temple,Templo budista,yes,A,https://developers.google.com/maps/documentation/places/web-service/place-types?hl=es-419
Places of Worship,Lugares de culto,church,Church,Iglesia,no,A,https://developers.google.com/maps/documentation/places/web-service/place-types?hl=es-419
Places of Worship,Lugares de culto,hindu_temple,Hindu Temple,Templo hindú,no,A,https://developers.google.com/maps/documentation/places/web-service/place-types?hl=es-419
Places of Worship,Lugares de culto,mosque,Mosque,Mezquita,no,A,https://developers.google.com/maps/documentation/places/web-service/place-types?hl=es-419
Places of Worship,Lugares de culto,shinto_shrine,Shinto Shrine,Santuario sintoísta,yes,A,https://developers.google.com/maps/documentation/places/web-service/place-types?hl=es-419
Places of Worship,Lugares de culto,synagogue,Synagogue,Sinagoga,no,A,https://developers.google.com/maps/documentation/places/web-service/place-types?hl=es-419
Services,Servicios,aircraft_rental_service,Aircraft Rental Service,Servicio de alquiler de aeronaves,yes,A,https://developers.google.com/maps/documentation/places/web-service/place-types?hl=es-419
Services,Servicios,association_or_organization,Association Or Organization,Asociación u organización,yes,A,https://developers.google.com/maps/documentation/places/web-service/place-types?hl=es-419
Services,Servicios,astrologer,Astrologer,Astrólogo,no,A,https://developers.google.com/maps/documentation/places/web-service/place-types?hl=es-419
Services,Servicios,barber_shop,Barber Shop,Barbería,no,A,https://developers.google.com/maps/documentation/places/web-service/place-types?hl=es-419
Services,Servicios,beautician,Beautician,Esteticista,no,A,https://developers.google.com/maps/documentation/places/web-service/place-types?hl=es-419
Services,Servicios,beauty_salon,Beauty Salon,Salón de belleza,no,A,https://developers.google.com/maps/documentation/places/web-service/place-types?hl=es-419
Services,Servicios,body_art_service,Body Art Service,Servicio de arte corporal,no,A,https://developers.google.com/maps/documentation/places/web-service/place-types?hl=es-419
Services,Servicios,catering_service,Catering Service,Servicio de catering,no,A,https://developers.google.com/maps/documentation/places/web-service/place-types?hl=es-419
Services,Servicios,cemetery,Cemetery,Cementerio,no,A,https://developers.google.com/maps/documentation/places/web-service/place-types?hl=es-419
Services,Servicios,chauffeur_service,Chauffeur Service,Servicio de chofer,yes,A,https://developers.google.com/maps/documentation/places/web-service/place-types?hl=es-419
Services,Servicios,child_care_agency,Child Care Agency,Agencia de cuidado infantil,no,A,https://developers.google.com/maps/documentation/places/web-service/place-types?hl=es-419
Services,Servicios,consultant,Consultant,Consultor,no,A,https://developers.google.com/maps/documentation/places/web-service/place-types?hl=es-419
Services,Servicios,courier_service,Courier Service,Servicio de mensajería,no,A,https://developers.google.com/maps/documentation/places/web-service/place-types?hl=es-419
Services,Servicios,electrician,Electrician,Electricista,no,A,https://developers.google.com/maps/documentation/places/web-service/place-types?hl=es-419
Services,Servicios,employment_agency,Employment Agency,Agencia de empleo,yes,A,https://developers.google.com/maps/documentation/places/web-service/place-types?hl=es-419
Services,Servicios,florist,Florist,Florería,no,A,https://developers.google.com/maps/documentation/places/web-service/place-types?hl=es-419
Services,Servicios,food_delivery,Food Delivery,Entrega de comida,no,A,https://developers.google.com/maps/documentation/places/web-service/place-types?hl=es-419
Services,Servicios,foot_care,Foot Care,Cuidado de los pies,no,A,https://developers.google.com/maps/documentation/places/web-service/place-types?hl=es-419
Services,Servicios,funeral_home,Funeral Home,Funeraria,no,A,https://developers.google.com/maps/documentation/places/web-service/place-types?hl=es-419
Services,Servicios,hair_care,Hair Care,Cuidado del cabello,no,A,https://developers.google.com/maps/documentation/places/web-service/place-types?hl=es-419
Services,Servicios,hair_salon,Hair Salon,Salón de belleza capilar,no,A,https://developers.google.com/maps/documentation/places/web-service/place-types?hl=es-419
Services,Servicios,insurance_agency,Insurance Agency,Agencia de seguros,no,A,https://developers.google.com/maps/documentation/places/web-service/place-types?hl=es-419
Services,Servicios,laundry,Laundry,Lavandería,no,A,https://developers.google.com/maps/documentation/places/web-service/place-types?hl=es-419
Services,Servicios,lawyer,Lawyer,Abogado,no,A,https://developers.google.com/maps/documentation/places/web-service/place-types?hl=es-419
Services,Servicios,locksmith,Locksmith,Cerrajero,no,A,https://developers.google.com/maps/documentation/places/web-service/place-types?hl=es-419
Services,Servicios,makeup_artist,Makeup Artist,Maquillista,no,A,https://developers.google.com/maps/documentation/places/web-service/place-types?hl=es-419
Services,Servicios,marketing_consultant,Marketing Consultant,Consultor de marketing,yes,A,https://developers.google.com/maps/documentation/places/web-service/place-types?hl=es-419
Services,Servicios,moving_company,Moving Company,Empresa de mudanzas,no,A,https://developers.google.com/maps/documentation/places/web-service/place-types?hl=es-419
Services,Servicios,nail_salon,Nail Salon,Salón de uñas,no,A,https://developers.google.com/maps/documentation/places/web-service/place-types?hl=es-419
Services,Servicios,non_profit_organization,Non Profit Organization,Organización sin fines de lucro,yes,A,https://developers.google.com/maps/documentation/places/web-service/place-types?hl=es-419
Services,Servicios,painter,Painter,Pintor,no,A,https://developers.google.com/maps/documentation/places/web-service/place-types?hl=es-419
Services,Servicios,pet_boarding_service,Pet Boarding Service,Hospedaje para mascotas,yes,A,https://developers.google.com/maps/documentation/places/web-service/place-types?hl=es-419
Services,Servicios,pet_care,Pet Care,Cuidado de mascotas,yes,A,https://developers.google.com/maps/documentation/places/web-service/place-types?hl=es-419
Services,Servicios,plumber,Plumber,Plomero,no,A,https://developers.google.com/maps/documentation/places/web-service/place-types?hl=es-419
Services,Servicios,psychic,Psychic,Psíquico,no,A,https://developers.google.com/maps/documentation/places/web-service/place-types?hl=es-419
Services,Servicios,real_estate_agency,Real Estate Agency,Agencia inmobiliaria,no,A,https://developers.google.com/maps/documentation/places/web-service/place-types?hl=es-419
Services,Servicios,roofing_contractor,Roofing Contractor,Contratista de techos,no,A,https://developers.google.com/maps/documentation/places/web-service/place-types?hl=es-419
Services,Servicios,service,Service,Servicio,yes,A,https://developers.google.com/maps/documentation/places/web-service/place-types?hl=es-419
Services,Servicios,shipping_service,Shipping Service,Servicio de envíos,yes,A,https://developers.google.com/maps/documentation/places/web-service/place-types?hl=es-419
Services,Servicios,storage,Storage,Almacenamiento,no,A,https://developers.google.com/maps/documentation/places/web-service/place-types?hl=es-419
Services,Servicios,summer_camp_organizer,Summer Camp Organizer,Organizador de campamentos de verano,no,A,https://developers.google.com/maps/documentation/places/web-service/place-types?hl=es-419
Services,Servicios,tailor,Tailor,Sastre,no,A,https://developers.google.com/maps/documentation/places/web-service/place-types?hl=es-419
Services,Servicios,telecommunications_service_provider,Telecommunications Service Provider,Proveedor de servicios de telecomunicaciones,no,A,https://developers.google.com/maps/documentation/places/web-service/place-types?hl=es-419
Services,Servicios,tour_agency,Tour Agency,Agencia de tours,no,A,https://developers.google.com/maps/documentation/places/web-service/place-types?hl=es-419
Services,Servicios,tourist_information_center,Tourist Information Center,Centro de información turística,no,A,https://developers.google.com/maps/documentation/places/web-service/place-types?hl=es-419
Services,Servicios,travel_agency,Travel Agency,Agencia de viajes,no,A,https://developers.google.com/maps/documentation/places/web-service/place-types?hl=es-419
Services,Servicios,veterinary_care,Veterinary Care,Atención veterinaria,no,A,https://developers.google.com/maps/documentation/places/web-service/place-types?hl=es-419
Shopping,Compras,asian_grocery_store,Asian Grocery Store,Tienda de comestibles asiáticos,no,A,https://developers.google.com/maps/documentation/places/web-service/place-types?hl=es-419
Shopping,Compras,auto_parts_store,Auto Parts Store,Tienda de autopartes,no,A,https://developers.google.com/maps/documentation/places/web-service/place-types?hl=es-419
Shopping,Compras,bicycle_store,Bicycle Store,Tienda de bicicletas,no,A,https://developers.google.com/maps/documentation/places/web-service/place-types?hl=es-419
Shopping,Compras,book_store,Book Store,Librería,no,A,https://developers.google.com/maps/documentation/places/web-service/place-types?hl=es-419
Shopping,Compras,building_materials_store,Building Materials Store,Tienda de materiales de construcción,yes,A,https://developers.google.com/maps/documentation/places/web-service/place-types?hl=es-419
Shopping,Compras,butcher_shop,Butcher Shop,Carnicería,no,A,https://developers.google.com/maps/documentation/places/web-service/place-types?hl=es-419
Shopping,Compras,cell_phone_store,Cell Phone Store,Tienda de teléfonos celulares,no,A,https://developers.google.com/maps/documentation/places/web-service/place-types?hl=es-419
Shopping,Compras,clothing_store,Clothing Store,Tienda de ropa,no,A,https://developers.google.com/maps/documentation/places/web-service/place-types?hl=es-419
Shopping,Compras,convenience_store,Convenience Store,Tienda de conveniencia,no,A,https://developers.google.com/maps/documentation/places/web-service/place-types?hl=es-419
Shopping,Compras,cosmetics_store,Cosmetics Store,Tienda de cosméticos,yes,A,https://developers.google.com/maps/documentation/places/web-service/place-types?hl=es-419
Shopping,Compras,department_store,Department Store,Tienda departamental,no,A,https://developers.google.com/maps/documentation/places/web-service/place-types?hl=es-419
Shopping,Compras,discount_store,Discount Store,Tienda de descuento,no,A,https://developers.google.com/maps/documentation/places/web-service/place-types?hl=es-419
Shopping,Compras,discount_supermarket,Discount Supermarket,Supermercado de descuento,yes,A,https://developers.google.com/maps/documentation/places/web-service/place-types?hl=es-419
Shopping,Compras,electronics_store,Electronics Store,Tienda de electrónica,no,A,https://developers.google.com/maps/documentation/places/web-service/place-types?hl=es-419
Shopping,Compras,farmers_market,Farmers Market,Mercado de productores,yes,A,https://developers.google.com/maps/documentation/places/web-service/place-types?hl=es-419
Shopping,Compras,flea_market,Flea Market,Mercado de pulgas,yes,A,https://developers.google.com/maps/documentation/places/web-service/place-types?hl=es-419
Shopping,Compras,food_store,Food Store,Tienda de alimentos,no,A,https://developers.google.com/maps/documentation/places/web-service/place-types?hl=es-419
Shopping,Compras,furniture_store,Furniture Store,Tienda de muebles,no,A,https://developers.google.com/maps/documentation/places/web-service/place-types?hl=es-419
Shopping,Compras,garden_center,Garden Center,Centro de jardinería,yes,A,https://developers.google.com/maps/documentation/places/web-service/place-types?hl=es-419
Shopping,Compras,general_store,General Store,Tienda general,yes,A,https://developers.google.com/maps/documentation/places/web-service/place-types?hl=es-419
Shopping,Compras,gift_shop,Gift Shop,Tienda de regalos,no,A,https://developers.google.com/maps/documentation/places/web-service/place-types?hl=es-419
Shopping,Compras,grocery_store,Grocery Store,Tienda de comestibles,no,A,https://developers.google.com/maps/documentation/places/web-service/place-types?hl=es-419
Shopping,Compras,hardware_store,Hardware Store,Ferretería,no,A,https://developers.google.com/maps/documentation/places/web-service/place-types?hl=es-419
Shopping,Compras,health_food_store,Health Food Store,Tienda de alimentos saludables,yes,A,https://developers.google.com/maps/documentation/places/web-service/place-types?hl=es-419
Shopping,Compras,home_goods_store,Home Goods Store,Tienda de artículos para el hogar,no,A,https://developers.google.com/maps/documentation/places/web-service/place-types?hl=es-419
Shopping,Compras,home_improvement_store,Home Improvement Store,Tienda de mejoras para el hogar,no,A,https://developers.google.com/maps/documentation/places/web-service/place-types?hl=es-419
Shopping,Compras,hypermarket,Hypermarket,Hipermercado,yes,A,https://developers.google.com/maps/documentation/places/web-service/place-types?hl=es-419
Shopping,Compras,jewelry_store,Jewelry Store,Joyería,no,A,https://developers.google.com/maps/documentation/places/web-service/place-types?hl=es-419
Shopping,Compras,liquor_store,Liquor Store,Tienda de bebidas alcohólicas,no,A,https://developers.google.com/maps/documentation/places/web-service/place-types?hl=es-419
Shopping,Compras,market,Market,Mercado,no,A,https://developers.google.com/maps/documentation/places/web-service/place-types?hl=es-419
Shopping,Compras,pet_store,Pet Store,Tienda de mascotas,no,A,https://developers.google.com/maps/documentation/places/web-service/place-types?hl=es-419
Shopping,Compras,shoe_store,Shoe Store,Zapatería,no,A,https://developers.google.com/maps/documentation/places/web-service/place-types?hl=es-419
Shopping,Compras,shopping_mall,Shopping Mall,Centro comercial,no,A,https://developers.google.com/maps/documentation/places/web-service/place-types?hl=es-419
Shopping,Compras,sporting_goods_store,Sporting Goods Store,Tienda de artículos deportivos,no,A,https://developers.google.com/maps/documentation/places/web-service/place-types?hl=es-419
Shopping,Compras,sportswear_store,Sportswear Store,Tienda de ropa deportiva,yes,A,https://developers.google.com/maps/documentation/places/web-service/place-types?hl=es-419
Shopping,Compras,store,Store,Tienda,no,A,https://developers.google.com/maps/documentation/places/web-service/place-types?hl=es-419
Shopping,Compras,supermarket,Supermarket,Supermercado,no,A,https://developers.google.com/maps/documentation/places/web-service/place-types?hl=es-419
Shopping,Compras,tea_store,Tea Store,Tienda de té,yes,A,https://developers.google.com/maps/documentation/places/web-service/place-types?hl=es-419
Shopping,Compras,thrift_store,Thrift Store,Tienda de segunda mano,yes,A,https://developers.google.com/maps/documentation/places/web-service/place-types?hl=es-419
Shopping,Compras,toy_store,Toy Store,Juguetería,yes,A,https://developers.google.com/maps/documentation/places/web-service/place-types?hl=es-419
Shopping,Compras,warehouse_store,Warehouse Store,Tienda de almacén,no,A,https://developers.google.com/maps/documentation/places/web-service/place-types?hl=es-419
Shopping,Compras,wholesaler,Wholesaler,Mayorista,no,A,https://developers.google.com/maps/documentation/places/web-service/place-types?hl=es-419
Shopping,Compras,womens_clothing_store,Womens Clothing Store,Tienda de ropa para mujer,yes,A,https://developers.google.com/maps/documentation/places/web-service/place-types?hl=es-419
Sports,Deportes,arena,Arena,Arena,no,A,https://developers.google.com/maps/documentation/places/web-service/place-types?hl=es-419
Sports,Deportes,athletic_field,Athletic Field,Campo deportivo,no,A,https://developers.google.com/maps/documentation/places/web-service/place-types?hl=es-419
Sports,Deportes,fishing_charter,Fishing Charter,Servicio de pesca deportiva,no,A,https://developers.google.com/maps/documentation/places/web-service/place-types?hl=es-419
Sports,Deportes,fishing_pier,Fishing Pier,Muelle de pesca,yes,A,https://developers.google.com/maps/documentation/places/web-service/place-types?hl=es-419
Sports,Deportes,fishing_pond,Fishing Pond,Estanque de pesca,no,A,https://developers.google.com/maps/documentation/places/web-service/place-types?hl=es-419
Sports,Deportes,fitness_center,Fitness Center,Centro de acondicionamiento físico,no,A,https://developers.google.com/maps/documentation/places/web-service/place-types?hl=es-419
Sports,Deportes,golf_course,Golf Course,Campo de golf,no,A,https://developers.google.com/maps/documentation/places/web-service/place-types?hl=es-419
Sports,Deportes,gym,Gym,Gimnasio,no,A,https://developers.google.com/maps/documentation/places/web-service/place-types?hl=es-419
Sports,Deportes,ice_skating_rink,Ice Skating Rink,Pista de patinaje sobre hielo,no,A,https://developers.google.com/maps/documentation/places/web-service/place-types?hl=es-419
Sports,Deportes,indoor_golf_course,Indoor Golf Course,Campo de golf interior,yes,A,https://developers.google.com/maps/documentation/places/web-service/place-types?hl=es-419
Sports,Deportes,playground,Playground,Área de juegos,no,A,https://developers.google.com/maps/documentation/places/web-service/place-types?hl=es-419
Sports,Deportes,race_course,Race Course,Pista de carreras,yes,A,https://developers.google.com/maps/documentation/places/web-service/place-types?hl=es-419
Sports,Deportes,ski_resort,Ski Resort,Centro de esquí,no,A,https://developers.google.com/maps/documentation/places/web-service/place-types?hl=es-419
Sports,Deportes,sports_activity_location,Sports Activity Location,Lugar para actividades deportivas,no,A,https://developers.google.com/maps/documentation/places/web-service/place-types?hl=es-419
Sports,Deportes,sports_club,Sports Club,Club deportivo,no,A,https://developers.google.com/maps/documentation/places/web-service/place-types?hl=es-419
Sports,Deportes,sports_coaching,Sports Coaching,Entrenamiento deportivo,no,A,https://developers.google.com/maps/documentation/places/web-service/place-types?hl=es-419
Sports,Deportes,sports_complex,Sports Complex,Complejo deportivo,no,A,https://developers.google.com/maps/documentation/places/web-service/place-types?hl=es-419
Sports,Deportes,sports_school,Sports School,Escuela deportiva,yes,A,https://developers.google.com/maps/documentation/places/web-service/place-types?hl=es-419
Sports,Deportes,stadium,Stadium,Estadio,no,A,https://developers.google.com/maps/documentation/places/web-service/place-types?hl=es-419
Sports,Deportes,swimming_pool,Swimming Pool,Alberca,yes,A,https://developers.google.com/maps/documentation/places/web-service/place-types?hl=es-419
Sports,Deportes,tennis_court,Tennis Court,Cancha de tenis,yes,A,https://developers.google.com/maps/documentation/places/web-service/place-types?hl=es-419
Transportation,Transporte,airport,Airport,Aeropuerto,no,A,https://developers.google.com/maps/documentation/places/web-service/place-types?hl=es-419
Transportation,Transporte,airstrip,Airstrip,Pista de aterrizaje,no,A,https://developers.google.com/maps/documentation/places/web-service/place-types?hl=es-419
Transportation,Transporte,bike_sharing_station,Bike Sharing Station,Estación de bicicletas compartidas,yes,A,https://developers.google.com/maps/documentation/places/web-service/place-types?hl=es-419
Transportation,Transporte,bridge,Bridge,Puente,yes,A,https://developers.google.com/maps/documentation/places/web-service/place-types?hl=es-419
Transportation,Transporte,bus_station,Bus Station,Central de autobuses,no,A,https://developers.google.com/maps/documentation/places/web-service/place-types?hl=es-419
Transportation,Transporte,bus_stop,Bus Stop,Parada de autobús,no,A,https://developers.google.com/maps/documentation/places/web-service/place-types?hl=es-419
Transportation,Transporte,ferry_service,Ferry Service,Servicio de ferry,yes,A,https://developers.google.com/maps/documentation/places/web-service/place-types?hl=es-419
Transportation,Transporte,ferry_terminal,Ferry Terminal,Terminal de ferry,no,A,https://developers.google.com/maps/documentation/places/web-service/place-types?hl=es-419
Transportation,Transporte,heliport,Heliport,Helipuerto,no,A,https://developers.google.com/maps/documentation/places/web-service/place-types?hl=es-419
Transportation,Transporte,international_airport,International Airport,Aeropuerto internacional,no,A,https://developers.google.com/maps/documentation/places/web-service/place-types?hl=es-419
Transportation,Transporte,light_rail_station,Light Rail Station,Estación de tren ligero,no,A,https://developers.google.com/maps/documentation/places/web-service/place-types?hl=es-419
Transportation,Transporte,park_and_ride,Park and Ride,Estacionamiento disuasorio,no,A,https://developers.google.com/maps/documentation/places/web-service/place-types?hl=es-419
Transportation,Transporte,subway_station,Subway Station,Estación de metro,no,A,https://developers.google.com/maps/documentation/places/web-service/place-types?hl=es-419
Transportation,Transporte,taxi_service,Taxi Service,Servicio de taxi,yes,A,https://developers.google.com/maps/documentation/places/web-service/place-types?hl=es-419
Transportation,Transporte,taxi_stand,Taxi Stand,Sitio de taxis,no,A,https://developers.google.com/maps/documentation/places/web-service/place-types?hl=es-419
Transportation,Transporte,toll_station,Toll Station,Caseta de peaje,yes,A,https://developers.google.com/maps/documentation/places/web-service/place-types?hl=es-419
Transportation,Transporte,train_station,Train Station,Estación de tren,no,A,https://developers.google.com/maps/documentation/places/web-service/place-types?hl=es-419
Transportation,Transporte,train_ticket_office,Train Ticket Office,Taquilla de tren,yes,A,https://developers.google.com/maps/documentation/places/web-service/place-types?hl=es-419
Transportation,Transporte,tram_stop,Tram Stop,Parada de tranvía,yes,A,https://developers.google.com/maps/documentation/places/web-service/place-types?hl=es-419
Transportation,Transporte,transit_depot,Transit Depot,Depósito de transporte,no,A,https://developers.google.com/maps/documentation/places/web-service/place-types?hl=es-419
Transportation,Transporte,transit_station,Transit Station,Estación de transporte público,no,A,https://developers.google.com/maps/documentation/places/web-service/place-types?hl=es-419
Transportation,Transporte,transit_stop,Transit Stop,Parada de transporte público,yes,A,https://developers.google.com/maps/documentation/places/web-service/place-types?hl=es-419
Transportation,Transporte,transportation_service,Transportation Service,Servicio de transporte,yes,A,https://developers.google.com/maps/documentation/places/web-service/place-types?hl=es-419
Transportation,Transporte,truck_stop,Truck Stop,Parada para camiones,no,A,https://developers.google.com/maps/documentation/places/web-service/place-types?hl=es-419
